<!--
    Input:
        device/amlogic/common/hidl_manifests/34/device_matrix_product_amlogic.xml
-->
<compatibility-matrix version="7.0" type="framework" level="8">
    <hal format="aidl" optional="true">
        <name>android.hardware.graphics.allocator</name>
        <version>2</version>
    </hal>
    <hal format="aidl" optional="true">
        <name>android.hardware.tetheroffload</name>
        <interface>
            <name>IOffload</name>
            <instance>default</instance>
        </interface>
    </hal>
    <hal format="aidl" optional="true">
        <name>android.hardware.tv.hdmi.cec</name>
        <interface>
            <name>IHdmiCec</name>
            <instance>default</instance>
        </interface>
    </hal>
    <hal format="aidl" optional="true">
        <name>android.hardware.tv.hdmi.connection</name>
        <interface>
            <name>IHdmiConnection</name>
            <instance>default</instance>
        </interface>
    </hal>
    <hal format="aidl" optional="true">
        <name>android.hardware.tv.hdmi.earc</name>
        <interface>
            <name>IEArc</name>
            <instance>default</instance>
        </interface>
    </hal>
    <hal format="hidl" optional="true">
        <name>android.hardware.tv.tuner</name>
        <version>1.0-1</version>
        <interface>
            <name>ITuner</name>
            <instance>default</instance>
        </interface>
    </hal>
    <hal format="hidl" optional="false">
        <name>vendor.amlogic.display.meson_display_ipc</name>
        <version>1.0</version>
        <interface>
            <name>IMesonDisplayIPC</name>
            <instance>default</instance>
        </interface>
    </hal>
    <hal format="hidl" optional="false">
        <name>vendor.amlogic.hardware.screencontrol</name>
        <version>1.0</version>
        <interface>
            <name>IScreenControl</name>
            <instance>default</instance>
        </interface>
    </hal>
    <hal format="hidl" optional="true">
        <name>vendor.amlogic.hardware.subtitleserver</name>
        <version>1.0</version>
        <interface>
            <name>ISubtitleServer</name>
            <instance>default</instance>
        </interface>
    </hal>
    <hal format="hidl" optional="false">
        <name>vendor.amlogic.hardware.systemcontrol</name>
        <version>1.1</version>
        <interface>
            <name>ISystemControl</name>
            <instance>default</instance>
        </interface>
    </hal>
    <hal format="hidl" optional="true">
        <name>vendor.ref.hardware.RefThread</name>
        <version>1.0</version>
        <interface>
            <name>IRefThread</name>
            <instance>default</instance>
        </interface>
    </hal>
</compatibility-matrix>
